{"stats":{"minecraft:killed_by":{"man:managgresive":1,"skinwalker_overhaul:skinwalker_overhaul":1,"minecraft:player":1,"minecraft:creeper":1,"minecraft:spider":1,"rakerm:rake":1,"mokey:mokey":1,"torture:torture":1,"cave_dweller:cave_dweller":1,"sanitydim:rotting_stalker":1,"mimicer:mimicer":1,"siren_head:siren_head":1},"minecraft:crafted":{"minecraft:crafting_table":1,"minecraft:wooden_pickaxe":2,"minecraft:birch_planks":49,"minecraft:stone_axe":1,"minecraft:air":248,"minecraft:stick":8,"minecraft:stone_pickaxe":1,"minecraft:wooden_axe":1,"minecraft:chest":1,"minecraft:acacia_planks":12},"minecraft:killed":{"minecraft:skeleton":1,"minecraft:cow":1},"minecraft:mined":{"minecraft:white_bed":1,"minecraft:crafting_table":1,"minecraft:torch":4,"minecraft:glow_lichen":2,"minecraft:granite":1,"minecraft:grass_block":31,"minecraft:cobblestone":6,"minecraft:tall_grass":9,"minecraft:oak_planks":3,"minecraft:diorite":2,"minecraft:wall_torch":1,"minecraft:birch_sapling":2,"minecraft:birch_planks":2,"minecraft:birch_log":13,"minecraft:birch_leaves":2,"treechop:chopped_log":8,"minecraft:yellow_bed":1,"minecraft:grass":65,"minecraft:oak_log":2,"minecraft:oak_stairs":1,"minecraft:sand":7,"minecraft:dirt":14,"minecraft:stone":55,"minecraft:oak_leaves":2},"minecraft:used":{"minecraft:birch_planks":114,"minecraft:stone_pickaxe":1,"minecraft:oak_planks":2,"minecraft:chest":1,"minecraft:wooden_pickaxe":64,"minecraft:rotten_flesh":1,"minecraft:torch":5,"minecraft:mossy_cobblestone":1,"minecraft:dirt":32,"minecraft:sand":6,"minecraft:crafting_table":2,"minecraft:white_bed":2,"minecraft:granite":1,"minecraft:wooden_axe":29,"minecraft:bread":3,"minecraft:oak_stairs":2,"minecraft:birch_sapling":17,"minecraft:cobblestone":44,"minecraft:beef":3,"minecraft:egg":1,"minecraft:acacia_planks":5},"minecraft:custom":{"minecraft:mob_kills":4,"minecraft:interact_with_crafting_table":9,"minecraft:leave_game":3,"minecraft:time_since_death":13920,"minecraft:sleep_in_bed":4,"minecraft:climb_one_cm":1334,"minecraft:time_since_rest":6247,"minecraft:sprint_one_cm":247545,"minecraft:damage_taken":4488,"minecraft:walk_one_cm":314455,"minecraft:drop":8,"minecraft:damage_dealt":690,"minecraft:swim_one_cm":2475,"minecraft:fly_one_cm":296101,"minecraft:open_chest":14,"minecraft:crouch_one_cm":36476,"minecraft:play_time":112189,"minecraft:deaths":14,"minecraft:sneak_time":10742,"minecraft:walk_under_water_one_cm":597,"minecraft:jump":2396,"minecraft:walk_on_water_one_cm":3327,"minecraft:total_world_time":112189,"minecraft:fall_one_cm":66809},"minecraft:broken":{"minecraft:wooden_pickaxe":1},"minecraft:dropped":{"minecraft:birch_planks":30,"minecraft:wheat_seeds":1,"minecraft:birch_sapling":5,"minecraft:stick":4},"minecraft:picked_up":{"minecraft:birch_log":49,"minecraft:crafting_table":1,"minecraft:leather":1,"minecraft:oak_stairs":2,"minecraft:birch_planks":1,"minecraft:yellow_bed":1,"minecraft:dirt":38,"minecraft:bone":1,"minecraft:wheat_seeds":5,"minecraft:beef":3,"minecraft:birch_sapling":29,"minecraft:oak_planks":2,"minecraft:acacia_sapling":3,"minecraft:egg":4,"minecraft:stick":12,"minecraft:torch":10,"minecraft:acacia_log":9,"minecraft:sand":6,"minecraft:diorite":2,"minecraft:white_bed":2,"minecraft:mossy_cobblestone":1,"minecraft:arrow":2,"minecraft:rotten_flesh":2,"minecraft:hay_block":1,"minecraft:granite":1,"minecraft:bread":10,"minecraft:coal":1,"minecraft:cobblestone":65}},"DataVersion":3120}