{"stats":{"minecraft:killed_by":{"yeti:yeti":2,"skinwalker_overhaul:skinwalker_overhaul":2,"minecraft:player":3,"minecraft:skeleton":1,"minecraft:zombie":1,"irritator:irritator":1,"cartoon_dweller:cartoon_dweller":1,"mimicer:mimicer":1},"minecraft:crafted":{"minecraft:oak_planks":10,"minecraft:wooden_shovel":1,"minecraft:crafting_table":2,"minecraft:wooden_pickaxe":1,"minecraft:furnace":1,"minecraft:birch_planks":65,"minecraft:stone_axe":1,"minecraft:air":208,"minecraft:stick":12,"minecraft:stone_pickaxe":2,"minecraft:wooden_axe":1,"minecraft:stone_sword":1,"minecraft:white_bed":1,"minecraft:acacia_planks":3,"minecraft:torch":6},"minecraft:killed":{"minecraft:pig":2,"minecraft:sheep":3,"minecraft:chicken":1},"minecraft:mined":{"minecraft:white_bed":1,"minecraft:mossy_cobblestone":4,"minecraft:crafting_table":3,"minecraft:grass_block":6,"minecraft:cobblestone":21,"minecraft:tall_grass":4,"minecraft:oak_planks":1,"minecraft:diorite":1,"minecraft:wall_torch":7,"minecraft:birch_planks":14,"minecraft:birch_log":14,"minecraft:iron_ore":3,"minecraft:wheat":1,"minecraft:birch_leaves":1,"treechop:chopped_log":8,"minecraft:grass":6,"minecraft:coal_ore":6,"minecraft:cobblestone_slab":1,"minecraft:oak_stairs":2,"minecraft:gravel":1,"minecraft:dirt":19,"minecraft:acacia_planks":3,"minecraft:stone":109,"minecraft:oak_leaves":11},"minecraft:custom":{"minecraft:mob_kills":6,"minecraft:interact_with_crafting_table":14,"minecraft:leave_game":1,"minecraft:time_since_death":3663,"minecraft:sleep_in_bed":3,"minecraft:time_since_rest":3687,"minecraft:sprint_one_cm":161368,"minecraft:damage_taken":4494,"minecraft:walk_one_cm":319076,"minecraft:drop":4,"minecraft:damage_dealt":578,"minecraft:swim_one_cm":1400,"minecraft:talked_to_villager":2,"minecraft:fly_one_cm":158223,"minecraft:open_chest":2,"minecraft:crouch_one_cm":58175,"minecraft:play_time":110768,"minecraft:deaths":15,"minecraft:sneak_time":17343,"minecraft:walk_under_water_one_cm":2772,"minecraft:jump":1636,"minecraft:walk_on_water_one_cm":5446,"minecraft:total_world_time":110768,"minecraft:fall_one_cm":64955},"minecraft:used":{"minecraft:stone_sword":2,"minecraft:birch_planks":195,"minecraft:stone_pickaxe":131,"minecraft:oak_planks":11,"minecraft:wooden_pickaxe":34,"minecraft:wooden_shovel":1,"minecraft:torch":7,"minecraft:mossy_cobblestone":4,"minecraft:dirt":19,"minecraft:mutton":2,"minecraft:crafting_table":4,"minecraft:wooden_axe":6,"minecraft:stone_axe":89,"minecraft:cobblestone":56,"minecraft:furnace":1,"minecraft:porkchop":6,"minecraft:yellow_bed":2,"minecraft:acacia_planks":7},"minecraft:dropped":{"minecraft:white_bed":1,"minecraft:diorite":1,"minecraft:torch":8,"minecraft:stone_pickaxe":1},"minecraft:picked_up":{"minecraft:birch_log":49,"minecraft:crafting_table":3,"minecraft:oak_stairs":1,"minecraft:birch_planks":8,"minecraft:oak_log":8,"minecraft:yellow_bed":2,"minecraft:dirt":25,"minecraft:wheat_seeds":1,"minecraft:stone_pickaxe":1,"minecraft:cobblestone_slab":1,"minecraft:birch_sapling":8,"minecraft:acacia_sapling":3,"minecraft:oak_planks":1,"minecraft:egg":1,"minecraft:stick":13,"minecraft:raw_iron":2,"minecraft:torch":9,"minecraft:acacia_log":3,"minecraft:porkchop":6,"minecraft:diorite":1,"minecraft:white_bed":1,"minecraft:mossy_cobblestone":4,"minecraft:oak_sapling":2,"minecraft:mutton":2,"minecraft:coal":5,"minecraft:white_wool":3,"minecraft:cobblestone":110},"minecraft:broken":{"minecraft:stone_pickaxe":1}},"DataVersion":3120}