{"stats":{"minecraft:mined":{"minecraft:dark_oak_fence":6,"minecraft:dead_bush":1},"minecraft:custom":{"minecraft:jump":145,"minecraft:time_since_rest":136,"minecraft:leave_game":1,"minecraft:crouch_one_cm":935,"minecraft:deaths":1,"minecraft:sprint_one_cm":36984,"minecraft:play_time":9767,"minecraft:damage_taken":240,"minecraft:time_since_death":63,"minecraft:walk_one_cm":32070,"minecraft:sneak_time":311,"minecraft:total_world_time":9767,"minecraft:fall_one_cm":5051,"minecraft:fly_one_cm":37300,"minecraft:open_chest":1},"minecraft:used":{"minecraft:carrot":3,"minecraft:experience_bottle":1},"minecraft:killed_by":{"minecraft:pillager":1},"minecraft:picked_up":{"minecraft:dark_oak_fence":6}},"DataVersion":3120}