{"stats":{"minecraft:used":{"minecraft:spawner":1,"minecraft:cow_spawn_egg":1,"minecraft:sand":1,"minecraft:allay_spawn_egg":1,"minecraft:grass_block":2},"minecraft:mined":{"minecraft:sand":1},"minecraft:picked_up":{"minecraft:beef":2,"minecraft:sand":1,"minecraft:leather":2},"minecraft:killed":{"minecraft:cow":1},"minecraft:custom":{"minecraft:jump":51,"minecraft:time_since_rest":1998,"minecraft:damage_dealt":115,"minecraft:leave_game":1,"minecraft:sprint_one_cm":3374,"minecraft:play_time":1998,"minecraft:time_since_death":1998,"minecraft:walk_one_cm":2196,"minecraft:sneak_time":71,"minecraft:total_world_time":1998,"minecraft:mob_kills":1,"minecraft:fly_one_cm":32937}},"DataVersion":3465}