{"stats":{"minecraft:killed_by":{"yeti:yeti":1,"sanitydim:sneaking_terror":1,"minecraft:player":4,"sackman:sackman":1,"minecraft:zombie":3,"mokey:mokey":2,"sanitydim:rotting_stalker":2,"cartoon_dweller:cartoon_dweller":1},"minecraft:crafted":{"minecraft:wooden_sword":1,"minecraft:oak_planks":4,"minecraft:crafting_table":2,"minecraft:acacia_slab":18,"minecraft:birch_slab":29,"minecraft:birch_planks":17,"minecraft:air":385,"minecraft:wooden_axe":1,"minecraft:acacia_planks":3,"minecraft:torch":1},"minecraft:killed":{"minecraft:spider":1,"minecraft:chicken":1},"minecraft:mined":{"minecraft:oak_slab":2,"minecraft:mossy_cobblestone":3,"minecraft:acacia_log":1,"minecraft:grass_block":3,"minecraft:tall_grass":9,"minecraft:acacia_slab":12,"minecraft:sugar_cane":13,"minecraft:oak_planks":3,"minecraft:wall_torch":1,"minecraft:hay_block":1,"minecraft:birch_planks":2,"minecraft:cactus":2,"minecraft:birch_leaves":2,"treechop:chopped_log":7,"minecraft:yellow_bed":3,"minecraft:wither_rose":4,"minecraft:grass":7,"minecraft:pointed_dripstone":1,"minecraft:oak_stairs":1,"minecraft:gravel":3,"minecraft:sand":3,"minecraft:dirt":23,"minecraft:oak_leaves":4},"minecraft:used":{"minecraft:birch_planks":9,"minecraft:oak_planks":3,"minecraft:wooden_pickaxe":4,"minecraft:rotten_flesh":1,"minecraft:torch":4,"minecraft:mossy_cobblestone":1,"minecraft:sand":3,"minecraft:dirt":44,"minecraft:crafting_table":2,"minecraft:wooden_axe":62,"minecraft:apple":1,"minecraft:birch_slab":118,"minecraft:chicken":1,"minecraft:oak_stairs":2,"minecraft:bread":15,"minecraft:acacia_slab":114,"minecraft:gravel":3,"minecraft:wooden_sword":5,"minecraft:cobblestone":10,"minecraft:yellow_bed":1,"minecraft:egg":3,"minecraft:acacia_planks":14},"minecraft:custom":{"minecraft:mob_kills":1,"minecraft:interact_with_crafting_table":8,"minecraft:leave_game":7,"minecraft:time_since_death":13261,"minecraft:climb_one_cm":608,"minecraft:time_since_rest":13289,"minecraft:sprint_one_cm":355264,"minecraft:damage_taken":5342,"minecraft:walk_one_cm":327927,"minecraft:drop":460,"minecraft:damage_dealt":1224,"minecraft:swim_one_cm":11491,"minecraft:fly_one_cm":338237,"minecraft:player_kills":5,"minecraft:open_chest":3,"minecraft:crouch_one_cm":50227,"minecraft:play_time":111349,"minecraft:deaths":17,"minecraft:sneak_time":12405,"minecraft:walk_under_water_one_cm":1687,"minecraft:jump":2206,"minecraft:walk_on_water_one_cm":6061,"minecraft:total_world_time":111349,"minecraft:fall_one_cm":65941},"minecraft:dropped":{"minecraft:bread":5,"minecraft:stone_axe":1,"minecraft:birch_planks":76,"minecraft:sugar_cane":49,"minecraft:wheat_seeds":2,"minecraft:crafting_table":4,"minecraft:birch_sapling":22,"minecraft:raw_iron":12,"minecraft:feather":6,"minecraft:cobblestone":32,"minecraft:birch_slab":6,"minecraft:coal":2,"minecraft:stick":17,"minecraft:flint":1,"minecraft:potato":20,"minecraft:dirt":54,"minecraft:hay_block":2,"minecraft:diorite":2,"minecraft:torch":15,"minecraft:mutton":4,"minecraft:wooden_axe":4,"weeping_angels:kontron_ingot":5,"minecraft:birch_door":1,"minecraft:acacia_slab":81,"minecraft:oak_sapling":3,"minecraft:acacia_sapling":2,"minecraft:wooden_sword":1,"minecraft:wither_rose":8,"minecraft:stone_pickaxe":1,"minecraft:wooden_pickaxe":4,"minecraft:cactus":10,"minecraft:string":6,"minecraft:birch_log":22,"minecraft:acacia_planks":4},"minecraft:picked_up":{"minecraft:birch_log":28,"minecraft:birch_door":1,"minecraft:crafting_table":2,"minecraft:feather":6,"minecraft:chicken":1,"minecraft:birch_slab":6,"minecraft:wooden_pickaxe":3,"minecraft:potato":20,"minecraft:oak_stairs":2,"minecraft:birch_planks":31,"minecraft:wither_rose":4,"minecraft:flint":1,"minecraft:oak_log":4,"minecraft:yellow_bed":1,"minecraft:dirt":61,"minecraft:string":4,"minecraft:wooden_sword":1,"minecraft:acacia_planks":2,"minecraft:apple":1,"minecraft:wheat_seeds":2,"minecraft:sugar_cane":49,"minecraft:acacia_sapling":2,"minecraft:birch_sapling":27,"minecraft:oak_planks":3,"minecraft:stick":12,"minecraft:raw_iron":1,"minecraft:torch":14,"minecraft:acacia_log":6,"minecraft:gravel":3,"minecraft:sand":3,"minecraft:mossy_cobblestone":1,"minecraft:cactus":10,"minecraft:rotten_flesh":1,"minecraft:hay_block":1,"minecraft:bread":3,"minecraft:oak_sapling":3,"minecraft:acacia_slab":46,"minecraft:mutton":4,"minecraft:coal":1,"minecraft:cobblestone":12,"minecraft:wooden_axe":3}},"DataVersion":3120}