{"stats":{"minecraft:killed_by":{"man:managgresive":2,"skinwalker_overhaul:skinwalker_overhaul":1,"minecraft:player":4,"sackman:sackman":1,"minecraft:zombie":1,"mokey:mokey":1,"siren_head:siren_head":1},"minecraft:crafted":{"minecraft:oak_slab":2,"minecraft:oak_planks":4,"minecraft:crafting_table":4,"minecraft:wooden_pickaxe":1,"minecraft:birch_slab":50,"minecraft:furnace":1,"minecraft:birch_planks":40,"minecraft:stone_axe":1,"minecraft:bread":36,"minecraft:air":562,"minecraft:ladder":1,"minecraft:stick":6,"minecraft:stone_pickaxe":1,"minecraft:wooden_axe":1,"minecraft:birch_door":1,"minecraft:acacia_planks":13},"minecraft:killed":{"minecraft:sheep":3,"minecraft:zombie":1,"minecraft:chicken":1},"minecraft:mined":{"minecraft:oak_slab":1,"minecraft:acacia_leaves":1,"minecraft:mossy_cobblestone":1,"minecraft:crafting_table":4,"minecraft:torch":4,"minecraft:granite":7,"minecraft:acacia_log":1,"minecraft:grass_block":7,"minecraft:tall_grass":6,"minecraft:cobblestone":19,"minecraft:birch_slab":19,"minecraft:acacia_slab":6,"minecraft:oak_planks":2,"minecraft:wall_torch":2,"minecraft:birch_planks":18,"minecraft:birch_log":13,"minecraft:iron_ore":10,"weeping_angels:kontron_ore":5,"minecraft:birch_leaves":4,"treechop:chopped_log":6,"minecraft:yellow_bed":1,"minecraft:grass":3,"minecraft:oak_log":1,"minecraft:oak_stairs":1,"minecraft:dirt":24,"minecraft:acacia_planks":11,"minecraft:stone":60,"minecraft:oak_leaves":2},"minecraft:used":{"minecraft:birch_planks":38,"minecraft:stone_pickaxe":82,"minecraft:ladder":6,"minecraft:oak_planks":3,"minecraft:wooden_pickaxe":26,"minecraft:torch":9,"minecraft:dirt":17,"minecraft:mutton":6,"minecraft:oak_slab":16,"minecraft:crafting_table":5,"minecraft:acacia_sapling":3,"minecraft:granite":7,"minecraft:birch_door":2,"minecraft:wooden_axe":22,"minecraft:apple":2,"minecraft:birch_slab":298,"minecraft:bread":17,"minecraft:birch_sapling":3,"minecraft:acacia_slab":3,"minecraft:stone_axe":96,"minecraft:cobblestone":37,"minecraft:furnace":1,"minecraft:oak_sapling":5,"minecraft:yellow_bed":2,"minecraft:acacia_planks":32,"minecraft:pointed_dripstone":1},"minecraft:custom":{"minecraft:mob_kills":6,"minecraft:traded_with_villager":6,"minecraft:interact_with_crafting_table":13,"minecraft:leave_game":2,"minecraft:time_since_death":14737,"minecraft:sleep_in_bed":4,"minecraft:climb_one_cm":2826,"minecraft:time_since_rest":14768,"minecraft:sprint_one_cm":272194,"minecraft:damage_taken":4668,"minecraft:walk_one_cm":254289,"minecraft:drop":59,"minecraft:damage_dealt":1252,"minecraft:swim_one_cm":6152,"minecraft:talked_to_villager":1,"minecraft:fly_one_cm":280319,"minecraft:player_kills":7,"minecraft:open_chest":6,"minecraft:crouch_one_cm":65952,"minecraft:play_time":115012,"minecraft:deaths":12,"minecraft:sneak_time":16148,"minecraft:walk_under_water_one_cm":6867,"minecraft:jump":2076,"minecraft:walk_on_water_one_cm":5350,"minecraft:total_world_time":115012,"minecraft:fall_one_cm":64509},"minecraft:dropped":{"minecraft:bread":13,"minecraft:sugar_cane":28,"minecraft:wheat_seeds":5,"minecraft:crafting_table":1,"minecraft:birch_sapling":20,"minecraft:feather":4,"minecraft:rotten_flesh":3,"minecraft:coal":1,"minecraft:birch_slab":7,"minecraft:stick":8,"minecraft:flint":1,"minecraft:dirt":38,"minecraft:poppy":1,"minecraft:potato":20,"minecraft:hay_block":1,"minecraft:diorite":2,"minecraft:torch":4,"minecraft:wooden_axe":3,"minecraft:mutton":4,"minecraft:acacia_slab":41,"minecraft:birch_door":1,"minecraft:oak_sapling":3,"minecraft:acacia_sapling":2,"minecraft:wooden_sword":2,"minecraft:wooden_pickaxe":3,"minecraft:cactus":5,"minecraft:string":2,"minecraft:acacia_planks":2},"minecraft:picked_up":{"minecraft:wooden_axe":4,"minecraft:birch_log":51,"minecraft:birch_door":1,"minecraft:crafting_table":7,"minecraft:feather":6,"minecraft:ladder":3,"minecraft:birch_slab":34,"minecraft:wooden_pickaxe":4,"minecraft:potato":20,"minecraft:birch_planks":95,"minecraft:wither_rose":8,"minecraft:flint":1,"minecraft:oak_log":4,"minecraft:yellow_bed":1,"minecraft:string":6,"minecraft:dirt":87,"minecraft:wooden_sword":2,"weeping_angels:kontron_ingot":10,"minecraft:acacia_planks":15,"minecraft:wheat_seeds":4,"minecraft:stone_pickaxe":1,"minecraft:sugar_cane":49,"minecraft:birch_sapling":38,"minecraft:acacia_sapling":7,"minecraft:oak_planks":2,"minecraft:oak_slab":4,"minecraft:stick":32,"minecraft:raw_iron":22,"minecraft:torch":15,"minecraft:acacia_log":13,"minecraft:pointed_dripstone":1,"minecraft:diorite":2,"minecraft:cactus":10,"minecraft:rotten_flesh":3,"minecraft:stone_axe":1,"minecraft:hay_block":2,"minecraft:granite":7,"minecraft:bread":5,"minecraft:oak_sapling":8,"minecraft:acacia_slab":88,"minecraft:mutton":12,"minecraft:coal":2,"minecraft:white_wool":3,"minecraft:cobblestone":105}},"DataVersion":3120}